user_name,workflow_name,timestamp,duration,correlation_id
Alice,Data Processing,2025-11-25 23:04:00,280.25,corr-0001-9030
Charlie,Report Generation,2025-11-12 09:12:00,125.21,corr-0002-6486
Diana,ETL Pipeline,2025-11-16 12:48:00,258.45,corr-0003-1143
Diana,Model Training,2025-11-17 13:10:00,114.99,corr-0004-8035
Eve,Model Training,2025-11-19 23:22:00,41.69,corr-0005-3145
Charlie,ETL Pipeline,2025-11-01 03:09:00,34.46,corr-0006-9358
Eve,Model Training,2025-11-07 00:32:00,140.61,corr-0007-1017
Bob,ETL Pipeline,2025-11-22 11:07:00,75.2,corr-0008-3467
Alice,Model Training,2025-11-08 18:38:00,90.67,corr-0009-6582
Alice,Data Processing,2025-11-07 08:21:00,233.78,corr-0010-4357
Diana,Data Validation,2025-11-15 13:11:00,225.59,corr-0011-5874
Charlie,ETL Pipeline,2025-11-30 12:53:00,160.35,corr-0012-9639
Bob,Model Training,2025-11-21 11:17:00,262.97,corr-0013-5404
Charlie,Report Generation,2025-11-15 06:30:00,162.67,corr-0014-2921
Alice,Data Processing,2025-11-20 15:53:00,149.85,corr-0015-3546
Eve,Model Training,2025-11-12 07:52:00,102.83,corr-0016-6490
Charlie,Data Validation,2025-11-30 18:54:00,159.03,corr-0017-1848
Diana,ETL Pipeline,2025-11-12 23:39:00,101.92,corr-0018-5963
Diana,ETL Pipeline,2025-11-19 16:29:00,88.59,corr-0019-5600
Eve,Report Generation,2025-11-21 01:41:00,78.18,corr-0020-9812
Bob,ETL Pipeline,2025-11-21 10:20:00,226.02,corr-0021-3648
Bob,Model Training,2025-11-22 23:38:00,111.06,corr-0022-8180
Alice,Data Processing,2025-12-01 04:44:00,182.02,corr-0023-4101
Bob,Report Generation,2025-11-12 21:50:00,33.73,corr-0024-6020
Charlie,Data Processing,2025-11-08 05:19:00,256.07,corr-0025-3159
Diana,ETL Pipeline,2025-11-19 21:34:00,77.84,corr-0026-6122
Alice,Data Processing,2025-11-11 11:33:00,170.18,corr-0027-9146
Diana,Data Validation,2025-11-01 23:57:00,86.3,corr-0028-3762
Eve,ETL Pipeline,2025-11-24 18:52:00,119.45,corr-0029-3436
Diana,Data Processing,2025-11-02 22:04:00,299.25,corr-0030-5049
Charlie,Model Training,2025-11-22 21:23:00,218.56,corr-0031-2613
Diana,Model Training,2025-11-27 09:29:00,238.51,corr-0032-2235
Charlie,Report Generation,2025-11-15 16:36:00,291.5,corr-0033-5593
Eve,Data Processing,2025-11-02 23:08:00,71.35,corr-0034-6250
Bob,ETL Pipeline,2025-11-06 15:31:00,149.29,corr-0035-8960
Diana,Report Generation,2025-11-15 12:35:00,252.24,corr-0036-8641
Charlie,Data Processing,2025-11-21 05:33:00,143.03,corr-0037-2257
Charlie,Model Training,2025-11-26 08:49:00,106.83,corr-0038-1548
Charlie,Data Processing,2025-11-01 15:52:00,88.95,corr-0039-5452
Bob,Data Validation,2025-11-11 07:37:00,155.01,corr-0040-6364
Bob,Report Generation,2025-11-16 01:54:00,157.47,corr-0041-7502
Eve,Data Validation,2025-11-21 14:27:00,270.81,corr-0042-9055
Bob,ETL Pipeline,2025-11-04 11:50:00,78.6,corr-0043-1258
Diana,Model Training,2025-11-08 19:29:00,187.18,corr-0044-3291
Alice,ETL Pipeline,2025-11-19 10:47:00,196.57,corr-0045-7221
Bob,Report Generation,2025-11-24 05:56:00,128.52,corr-0046-2022
Diana,Data Validation,2025-11-26 02:15:00,97.4,corr-0047-7103
Diana,Data Validation,2025-11-05 08:40:00,180.69,corr-0048-6067
Charlie,Report Generation,2025-11-25 03:16:00,209.47,corr-0049-5584
Charlie,Model Training,2025-11-11 04:03:00,211.48,corr-0050-7898
Charlie,Model Training,2025-11-13 21:12:00,118.94,corr-0051-7143
Diana,ETL Pipeline,2025-11-30 21:26:00,57.59,corr-0052-9561
Eve,Model Training,2025-11-17 01:58:00,244.49,corr-0053-5030
Alice,Report Generation,2025-11-06 00:24:00,57.31,corr-0054-9930
Bob,Report Generation,2025-11-20 09:48:00,42.8,corr-0055-1436
Alice,Data Processing,2025-11-24 17:02:00,153.56,corr-0056-2660
Bob,Data Processing,2025-11-12 19:54:00,118.17,corr-0057-3881
Bob,ETL Pipeline,2025-11-25 23:17:00,244.06,corr-0058-3230
Diana,Data Validation,2025-11-12 23:37:00,128.98,corr-0059-1509
Alice,ETL Pipeline,2025-11-14 07:13:00,55.47,corr-0060-1812
Eve,Model Training,2025-11-12 07:09:00,240.24,corr-0061-6539
Bob,ETL Pipeline,2025-11-12 15:34:00,26.41,corr-0062-8593
Bob,Model Training,2025-11-18 07:49:00,171.11,corr-0063-6917
Eve,ETL Pipeline,2025-11-24 00:42:00,74.28,corr-0064-6774
Charlie,Model Training,2025-11-20 00:40:00,275.31,corr-0065-4059
Charlie,Model Training,2025-11-29 00:55:00,192.35,corr-0066-5864
Eve,Data Processing,2025-11-27 18:47:00,222.07,corr-0067-2321
Alice,Data Processing,2025-11-12 09:32:00,218.5,corr-0068-4898
Diana,Data Processing,2025-11-19 02:03:00,119.07,corr-0069-4812
Diana,Report Generation,2025-11-09 17:50:00,48.57,corr-0070-4744
Bob,Model Training,2025-11-17 10:05:00,92.13,corr-0071-8354
Bob,Data Processing,2025-11-16 07:43:00,85.66,corr-0072-4810
Charlie,ETL Pipeline,2025-11-23 05:17:00,70.12,corr-0073-7740
Charlie,Data Validation,2025-11-24 06:56:00,96.01,corr-0074-4390
Charlie,Report Generation,2025-11-11 06:12:00,176.06,corr-0075-7460
Alice,Report Generation,2025-11-28 15:05:00,242.2,corr-0076-2195
Eve,Report Generation,2025-11-21 14:59:00,246.95,corr-0077-2209
Eve,Data Validation,2025-11-23 05:16:00,232.02,corr-0078-1296
Bob,Data Validation,2025-11-27 02:19:00,251.24,corr-0079-3913
Diana,Data Processing,2025-11-30 17:08:00,40.6,corr-0080-3939
Alice,Report Generation,2025-11-24 06:03:00,286.71,corr-0081-3236
Eve,ETL Pipeline,2025-11-03 18:36:00,196.78,corr-0082-3213
Alice,ETL Pipeline,2025-11-12 05:31:00,172.67,corr-0083-5236
Bob,Model Training,2025-11-17 15:05:00,76.84,corr-0084-5227
Alice,Data Processing,2025-11-08 20:04:00,16.56,corr-0085-1601
Alice,Model Training,2025-11-28 14:01:00,204.81,corr-0086-9029
Bob,Report Generation,2025-11-13 16:30:00,200.68,corr-0087-6962
Diana,ETL Pipeline,2025-11-12 06:15:00,177.27,corr-0088-5826
Eve,Model Training,2025-11-12 21:43:00,211.55,corr-0089-4196
Eve,Data Processing,2025-11-27 23:42:00,297.87,corr-0090-5413
Diana,Model Training,2025-11-05 15:30:00,211.78,corr-0091-4411
Diana,Data Processing,2025-11-06 22:12:00,283.81,corr-0092-6870
Charlie,Data Processing,2025-11-27 20:31:00,102.03,corr-0093-6451
Diana,Model Training,2025-11-13 04:42:00,251.78,corr-0094-4579
Charlie,Report Generation,2025-11-11 14:42:00,104.04,corr-0095-9988
Eve,Report Generation,2025-11-03 02:51:00,233.59,corr-0096-7195
Alice,Data Processing,2025-11-09 10:15:00,174.54,corr-0097-3341
Eve,Model Training,2025-11-18 11:50:00,208.15,corr-0098-3741
Eve,Data Validation,2025-11-03 14:17:00,69.16,corr-0099-6536
Bob,Report Generation,2025-11-18 00:29:00,34.63,corr-0100-9166
